arrangement,id,x_in,y_in,size,pdf_page
11-14,1,0.040,0.161,22HD,34
11-14,2,0.110,0.124,22HD,34
11-14,3,0.155,0.059,22HD,34
11-14,4,0.164,-0.020,22HD,34
11-14,5,0.136,-0.094,22HD,34
11-14,6,0.077,-0.147,22HD,34
11-14,7,0.000,-0.166,22HD,34
11-14,8,-0.077,-0.147,22HD,34
11-14,9,-0.136,-0.094,22HD,34
11-14,10,-0.164,-0.020,22HD,34
11-14,11,-0.155,0.059,22HD,34
11-14,12,-0.110,0.124,22HD,34
11-14,13,-0.040,0.161,22HD,34
11-14,A,0.000,0.000,12,34
12-27,5,0.199,-0.040,22HD,30
12-27,19,0.127,0.000,22HD,30
12-27,6,0.169,-0.113,22HD,30
12-27,20,0.103,-0.075,22HD,30
12-27,1,0.040,0.199,22HD,30
12-27,15,-0.113,0.169,22HD,30
12-27,2,0.113,0.169,22HD,30
12-27,16,-0.040,0.199,22HD,30
12-27,3,0.169,0.113,22HD,30
12-27,17,0.040,0.121,22HD,30
12-27,4,0.199,0.040,22HD,30
12-27,18,0.103,0.075,22HD,30
12-27,7,0.113,-0.169,22HD,30
12-27,21,0.040,-0.121,22HD,30
12-27,8,0.040,-0.199,22HD,30
12-27,22,-0.040,-0.121,22HD,30
12-27,9,-0.040,-0.199,22HD,30
12-27,23,-0.103,-0.075,22HD,30
12-27,10,-0.113,-0.169,22HD,30
12-27,24,-0.127,0.000,22HD,30
12-27,11,-0.169,-0.113,22HD,30
12-27,25,-0.103,0.075,22HD,30
12-27,12,-0.199,-0.040,22HD,30
12-27,26,-0.040,0.121,22HD,30
12-27,13,-0.199,0.040,22HD,30
12-27,A,0.000,0.000,16,30
12-27,14,-0.169,0.113,22HD,30
14-20,8,-0.103,-0.196,20HD,10
14-20,1,0.053,0.215,20HD,10
14-20,2,0.147,0.166,20HD,10
14-20,3,0.207,0.079,20HD,10
14-20,4,0.220,-0.027,20HD,10
14-20,5,0.182,-0.126,20HD,10
14-20,6,0.103,-0.196,20HD,10
14-20,7,0.000,-0.222,20HD,10
14-20,9,-0.182,-0.126,20HD,10
14-20,10,-0.220,-0.027,20HD,10
14-20,11,-0.207,0.079,20HD,10
14-20,12,-0.147,0.166,20HD,10
14-20,13,-0.053,0.215,20HD,10
14-20,14,0.058,0.101,20HD,10
14-20,15,0.117,0.000,20HD,10
14-20,16,0.058,-0.101,20HD,10
14-20,17,-0.058,-0.101,20HD,10
14-20,18,-0.117,0.000,20HD,10
14-20,19,-0.058,0.101,20HD,10
14-20,20,0.000,0.000,20HD,10
14-21,1,0.039,0.232,22HD,31
14-21,2,0.112,0.207,22HD,31
14-21,3,0.173,0.160,22HD,31
14-21,4,0.216,0.095,22HD,31
14-21,5,0.216,-0.095,22HD,31
14-21,6,0.173,-0.160,22HD,31
14-21,7,0.112,-0.207,22HD,31
14-21,8,0.039,-0.232,22HD,31
14-21,9,-0.039,-0.232,22HD,31
14-21,10,-0.112,-0.207,22HD,31
14-21,11,-0.173,-0.160,22HD,31
14-21,12,-0.216,-0.095,22HD,31
14-21,13,-0.216,0.095,22HD,31
14-21,14,-0.173,0.160,22HD,31
14-21,15,-0.112,0.207,22HD,31
14-21,16,-0.039,0.232,22HD,31
14-21,17,0.000,0.000,22HD,31
14-21,A,0.000,0.120,16,31
14-21,B,0.120,0.000,16,31
14-21,C,0.000,-0.120,16,31
14-21,D,-0.120,0.000,16,31
14-22,1,0.129,0.197,22HD,35
14-22,2,0.186,0.145,22HD,35
14-22,3,0.223,0.077,22HD,35
14-22,4,0.236,0.000,22HD,35
14-22,5,0.223,-0.077,22HD,35
14-22,6,0.186,-0.145,22HD,35
14-22,7,0.129,-0.197,22HD,35
14-22,8,-0.129,-0.197,22HD,35
14-22,9,-0.186,-0.145,22HD,35
14-22,10,-0.223,-0.077,22HD,35
14-22,11,-0.236,0.000,22HD,35
14-22,12,-0.223,0.077,22HD,35
14-22,13,-0.186,0.145,22HD,35
14-22,14,-0.129,0.197,22HD,35
14-22,15,0.141,0.074,22HD,35
14-22,16,0.160,0.000,22HD,35
14-22,17,0.141,-0.074,22HD,35
14-22,18,-0.141,-0.074,22HD,35
14-22,19,-0.160,0.000,22HD,35
14-22,20,-0.141,0.074,22HD,35
14-22,A,0.000,0.110,12,35
14-22,B,0.000,-0.110,12,35
14-39,1,0.039,0.232,22HD,4
14-39,21,0.106,0.119,22HD,4
14-39,2,0.112,0.207,22HD,4
14-39,22,0.149,0.057,22HD,4
14-39,3,0.173,0.160,22HD,4
14-39,23,0.158,-0.019,22HD,4
14-39,4,0.216,0.095,22HD,4
14-39,24,0.131,-0.091,22HD,4
14-39,5,0.235,0.019,22HD,4
14-39,25,0.074,-0.141,22HD,4
14-39,6,0.228,-0.058,22HD,4
14-39,26,0.000,-0.160,22HD,4
14-39,7,0.197,-0.129,22HD,4
14-39,27,-0.074,-0.141,22HD,4
14-39,8,0.145,-0.186,22HD,4
14-39,28,-0.131,-0.091,22HD,4
14-39,9,0.077,-0.223,22HD,4
14-39,29,-0.158,-0.019,22HD,4
14-39,10,0.000,-0.236,22HD,4
14-39,30,-0.149,0.057,22HD,4
14-39,11,-0.077,-0.223,22HD,4
14-39,31,-0.106,0.119,22HD,4
14-39,12,-0.145,-0.186,22HD,4
14-39,32,-0.038,0.155,22HD,4
14-39,13,-0.197,-0.129,22HD,4
14-39,33,0.042,0.072,22HD,4
14-39,14,-0.228,-0.058,22HD,4
14-39,34,0.084,0.000,22HD,4
14-39,15,-0.235,0.019,22HD,4
14-39,35,0.042,-0.072,22HD,4
14-39,16,-0.216,0.095,22HD,4
14-39,36,-0.042,-0.072,22HD,4
14-39,17,-0.173,0.160,22HD,4
14-39,37,-0.084,0.000,22HD,4
14-39,18,-0.112,0.207,22HD,4
14-39,38,-0.042,0.072,22HD,4
14-39,19,-0.039,0.232,22HD,4
14-39,39,0.000,0.000,22HD,4
14-39,20,0.038,0.155,22HD,4
16-12,1,0.089,0.244,16,16
16-12,2,0.225,0.130,16,16
16-12,3,0.256,-0.045,16,16
16-12,4,0.167,-0.199,16,16
16-12,5,0.000,-0.260,16,16
16-12,6,-0.167,-0.199,16,16
16-12,7,-0.256,-0.045,16,16
16-12,8,-0.225,0.130,16,16
16-12,9,-0.089,0.244,16,16
16-12,10,0.000,0.101,16,16
16-12,11,0.088,-0.051,16,16
16-12,12,-0.088,-0.051,16,16
16-31,1,0.053,0.283,20HD,11
16-31,17,-0.053,0.283,20HD,11
16-31,2,0.152,0.245,20HD,11
16-31,18,0.057,0.174,20HD,11
16-31,3,0.230,0.174,20HD,11
16-31,19,0.148,0.108,20HD,11
16-31,4,0.277,0.079,20HD,11
16-31,20,0.183,0.000,20HD,11
16-31,5,0.287,-0.027,20HD,11
16-31,21,0.148,-0.108,20HD,11
16-31,6,0.258,-0.128,20HD,11
16-31,22,0.057,-0.174,20HD,11
16-31,7,0.194,-0.213,20HD,11
16-31,23,-0.057,-0.174,20HD,11
16-31,8,0.104,-0.269,20HD,11
16-31,24,-0.148,-0.108,20HD,11
16-31,9,0.000,-0.288,20HD,11
16-31,25,-0.183,0.000,20HD,11
16-31,10,-0.104,-0.269,20HD,11
16-31,26,-0.148,0.108,20HD,11
16-31,11,-0.194,-0.213,20HD,11
16-31,27,-0.057,0.174,20HD,11
16-31,12,-0.258,-0.128,20HD,11
16-31,28,0.000,0.078,20HD,11
16-31,13,-0.287,-0.027,20HD,11
16-31,29,0.078,0.000,20HD,11
16-31,14,-0.277,0.079,20HD,11
16-31,30,0.000,-0.078,20HD,11
16-31,15,-0.230,0.174,20HD,11
16-31,31,-0.078,0.000,20HD,11
16-31,16,-0.152,0.245,20HD,11
16-32,1,0.039,0.299,22HD,36
16-32,17,-0.279,-0.116,22HD,36
16-32,2,0.116,0.279,22HD,36
16-32,18,-0.299,-0.039,22HD,36
16-32,3,0.184,0.240,22HD,36
16-32,19,-0.299,0.039,22HD,36
16-32,4,0.240,0.184,22HD,36
16-32,20,-0.279,0.116,22HD,36
16-32,5,0.279,0.116,22HD,36
16-32,21,-0.240,0.184,22HD,36
16-32,6,0.299,0.039,22HD,36
16-32,22,-0.184,0.240,22HD,36
16-32,7,0.299,-0.039,22HD,36
16-32,23,-0.116,0.279,22HD,36
16-32,8,0.279,-0.116,22HD,36
16-32,24,-0.039,0.299,22HD,36
16-32,9,0.240,-0.184,22HD,36
16-32,25,0.000,0.223,22HD,36
16-32,10,0.184,-0.240,22HD,36
16-32,26,0.233,0.000,22HD,36
16-32,11,0.116,-0.279,22HD,36
16-32,27,0.000,-0.223,22HD,36
16-32,12,0.039,-0.299,22HD,36
16-32,28,-0.233,0.000,22HD,36
16-32,13,-0.039,-0.299,22HD,36
16-32,A,0.109,0.109,12,36
16-32,14,-0.116,-0.279,22HD,36
16-32,B,0.109,-0.109,12,36
16-32,15,-0.184,-0.240,22HD,36
16-32,C,-0.109,-0.109,12,36
16-32,16,-0.240,-0.184,22HD,36
16-32,D,-0.109,0.109,12,36
16-41,1,0.039,0.299,22HD,32
16-41,15,-0.184,-0.240,22HD,32
16-41,29,0.173,-0.145,22HD,32
16-41,2,0.116,0.279,22HD,32
16-41,16,-0.240,-0.184,22HD,32
16-41,30,0.113,-0.196,22HD,32
16-41,3,0.184,0.240,22HD,32
16-41,17,-0.279,-0.116,22HD,32
16-41,31,-0.113,-0.196,22HD,32
16-41,4,0.240,0.184,22HD,32
16-41,18,-0.299,-0.039,22HD,32
16-41,32,-0.173,-0.145,22HD,32
16-41,5,0.279,0.116,22HD,32
16-41,19,-0.299,0.039,22HD,32
16-41,33,-0.212,-0.077,22HD,32
16-41,6,0.299,0.039,22HD,32
16-41,20,-0.279,0.116,22HD,32
16-41,34,-0.212,0.077,22HD,32
16-41,7,0.299,-0.039,22HD,32
16-41,21,-0.240,0.184,22HD,32
16-41,35,-0.173,0.145,22HD,32
16-41,8,0.279,-0.116,22HD,32
16-41,22,-0.184,0.240,22HD,32
16-41,36,-0.113,0.196,22HD,32
16-41,9,0.240,-0.184,22HD,32
16-41,23,-0.116,0.279,22HD,32
16-41,37,0.000,0.000,22HD,32
16-41,10,0.184,-0.240,22HD,32
16-41,24,-0.039,0.299,22HD,32
16-41,A,0.000,0.120,16,32
16-41,11,0.116,-0.279,22HD,32
16-41,25,0.113,0.196,22HD,32
16-41,B,0.120,0.000,16,32
16-41,12,0.039,-0.299,22HD,32
16-41,26,0.173,0.145,22HD,32
16-41,C,0.000,-0.120,16,32
16-41,13,-0.039,-0.299,22HD,32
16-41,27,0.212,0.077,22HD,32
16-41,D,-0.120,0.000,16,32
16-41,14,-0.116,-0.279,22HD,32
16-41,28,0.212,-0.077,22HD,32
16-42,1,0.039,0.299,22HD,37
16-42,22,-0.184,0.240,22HD,37
16-42,2,0.116,0.279,22HD,37
16-42,23,-0.116,0.279,22HD,37
16-42,3,0.184,0.240,22HD,37
16-42,24,-0.039,0.299,22HD,37
16-42,4,0.240,0.184,22HD,37
16-42,25,0.039,0.223,22HD,37
16-42,5,0.279,0.116,22HD,37
16-42,26,0.113,0.196,22HD,37
16-42,6,0.299,0.039,22HD,37
16-42,27,0.173,0.145,22HD,37
16-42,7,0.299,-0.039,22HD,37
16-42,28,0.173,-0.145,22HD,37
16-42,8,0.279,-0.116,22HD,37
16-42,29,0.113,-0.196,22HD,37
16-42,9,0.240,-0.184,22HD,37
16-42,30,0.039,-0.223,22HD,37
16-42,10,0.184,-0.240,22HD,37
16-42,31,-0.039,-0.223,22HD,37
16-42,11,0.116,-0.279,22HD,37
16-42,32,-0.113,-0.196,22HD,37
16-42,12,0.039,-0.299,22HD,37
16-42,33,-0.173,-0.145,22HD,37
16-42,13,-0.039,-0.299,22HD,37
16-42,34,-0.173,0.145,22HD,37
16-42,14,-0.116,-0.279,22HD,37
16-42,35,-0.113,0.196,22HD,37
16-42,15,-0.184,-0.240,22HD,37
16-42,36,-0.039,0.223,22HD,37
16-42,16,-0.240,-0.184,22HD,37
16-42,37,0.039,0.145,22HD,37
16-42,17,-0.279,-0.116,22HD,37
16-42,38,0.039,-0.145,22HD,37
16-42,18,-0.299,-0.039,22HD,37
16-42,39,-0.039,-0.145,22HD,37
16-42,19,-0.299,0.039,22HD,37
16-42,40,-0.039,0.145,22HD,37
16-42,20,-0.279,0.116,22HD,37
16-42,A,0.110,0.000,12,37
16-42,21,-0.240,0.184,22HD,37
16-42,B,-0.110,0.000,12,37
18-15,1,0.099,0.304,16,17
18-15,2,0.259,0.188,16,17
18-15,3,0.320,0.000,16,17
18-15,4,0.259,-0.188,16,17
18-15,5,0.099,-0.304,16,17
18-15,6,-0.099,-0.304,16,17
18-15,7,-0.259,-0.188,16,17
18-15,8,-0.320,0.000,16,17
18-15,9,-0.259,0.188,16,17
18-15,10,-0.099,0.304,16,17
18-15,11,0.089,0.122,16,17
18-15,12,0.144,-0.047,16,17
18-15,13,0.000,-0.151,16,17
18-15,14,-0.144,-0.047,16,17
18-15,15,-0.089,0.122,16,17
18-21,1,-0.113,0.336,22HD,41
18-21,12,-0.342,-0.095,22HD,41
18-21,2,-0.038,0.353,22HD,41
18-21,13,-0.038,0.276,22HD,41
18-21,3,0.038,0.353,22HD,41
18-21,14,0.038,0.276,22HD,41
18-21,4,0.113,0.336,22HD,41
18-21,15,0.258,-0.105,22HD,41
18-21,5,0.342,-0.095,22HD,41
18-21,16,0.220,-0.171,22HD,41
18-21,6,0.314,-0.166,22HD,41
18-21,17,-0.220,-0.171,22HD,41
18-21,7,0.271,-0.230,22HD,41
18-21,18,-0.258,-0.105,22HD,41
18-21,8,0.215,-0.283,22HD,41
18-21,A,-0.180,0.104,8,41
18-21,9,-0.215,-0.283,22HD,41
18-21,B,0.180,0.104,8,41
18-21,10,-0.271,-0.230,22HD,41
18-21,C,0.000,-0.208,8,41
18-21,11,-0.314,-0.166,22HD,41
18-41,1,0.053,0.336,20HD,11
18-41,22,0.156,0.176,20HD,11
18-41,2,0.155,0.303,20HD,11
18-41,23,0.220,0.083,20HD,11
18-41,3,0.241,0.241,20HD,11
18-41,24,0.234,-0.028,20HD,11
18-41,4,0.303,0.155,20HD,11
18-41,25,0.194,-0.134,20HD,11
18-41,5,0.336,0.053,20HD,11
18-41,26,0.109,-0.209,20HD,11
18-41,6,0.336,-0.053,20HD,11
18-41,27,0.000,-0.236,20HD,11
18-41,7,0.303,-0.155,20HD,11
18-41,28,-0.109,-0.209,20HD,11
18-41,8,0.241,-0.241,20HD,11
18-41,29,-0.194,-0.134,20HD,11
18-41,9,0.155,-0.303,20HD,11
18-41,30,-0.234,-0.028,20HD,11
18-41,10,0.053,-0.336,20HD,11
18-41,31,-0.220,0.083,20HD,11
18-41,11,-0.053,-0.336,20HD,11
18-41,32,-0.156,0.176,20HD,11
18-41,12,-0.155,-0.303,20HD,11
18-41,33,-0.056,0.229,20HD,11
18-41,13,-0.241,-0.241,20HD,11
18-41,34,0.057,0.118,20HD,11
18-41,14,-0.303,-0.155,20HD,11
18-41,35,0.127,0.029,20HD,11
18-41,15,-0.336,-0.053,20HD,11
18-41,36,0.102,-0.081,20HD,11
18-41,16,-0.336,0.053,20HD,11
18-41,37,0.000,-0.130,20HD,11
18-41,17,-0.303,0.155,20HD,11
18-41,38,-0.102,-0.081,20HD,11
18-41,18,-0.241,0.241,20HD,11
18-41,39,-0.127,0.029,20HD,11
18-41,19,-0.155,0.303,20HD,11
18-41,40,-0.057,0.118,20HD,11
18-41,20,-0.053,0.336,20HD,11
18-41,41,0.000,0.000,20HD,11
18-41,21,0.056,0.229,20HD,11
18-59,1,0.040,0.353,22HD,33
18-59,16,-0.117,-0.335,22HD,33
18-59,31,0.151,0.235,22HD,33
18-59,46,-0.276,0.040,22HD,33
18-59,2,0.117,0.335,22HD,33
18-59,17,-0.189,-0.301,22HD,33
18-59,32,0.211,0.183,22HD,33
18-59,47,-0.254,0.116,22HD,33
18-59,3,0.189,0.301,22HD,33
18-59,18,-0.251,-0.251,22HD,33
18-59,33,0.254,0.116,22HD,33
18-59,48,-0.211,0.183,22HD,33
18-59,4,0.251,0.251,22HD,33
18-59,19,-0.301,-0.183,22HD,33
18-59,34,0.276,0.040,22HD,33
18-59,49,-0.151,0.235,22HD,33
18-59,5,0.301,0.183,22HD,33
18-59,20,-0.335,-0.117,22HD,33
18-59,35,0.276,-0.040,22HD,33
18-59,50,-0.079,0.268,22HD,33
18-59,6,0.335,0.117,22HD,33
18-59,21,-0.353,-0.040,22HD,33
18-59,36,0.254,-0.116,22HD,33
18-59,51,0.144,0.144,22HD,33
18-59,7,0.353,0.040,22HD,33
18-59,22,-0.353,0.040,22HD,33
18-59,37,0.211,-0.183,22HD,33
18-59,52,0.144,-0.144,22HD,33
18-59,8,0.353,-0.040,22HD,33
18-59,23,-0.335,0.117,22HD,33
18-59,38,0.151,-0.235,22HD,33
18-59,53,-0.144,-0.144,22HD,33
18-59,9,0.335,-0.117,22HD,33
18-59,24,-0.301,0.183,22HD,33
18-59,39,0.079,-0.268,22HD,33
18-59,54,-0.144,0.144,22HD,33
18-59,10,0.301,-0.183,22HD,33
18-59,25,-0.251,0.251,22HD,33
18-59,40,0.000,-0.279,22HD,33
18-59,55,0.000,0.000,22HD,33
18-59,11,0.251,-0.251,22HD,33
18-59,26,-0.189,0.301,22HD,33
18-59,41,-0.079,-0.268,22HD,33
18-59,A,0.000,0.120,16,33
18-59,12,0.189,-0.301,22HD,33
18-59,27,-0.117,0.335,22HD,33
18-59,42,-0.151,-0.235,22HD,33
18-59,B,0.120,0.000,16,33
18-59,13,0.117,-0.335,22HD,33
18-59,28,-0.040,0.353,22HD,33
18-59,43,-0.211,-0.183,22HD,33
18-59,C,0.000,-0.120,16,33
18-59,14,0.040,-0.353,22HD,33
18-59,29,0.000,0.279,22HD,33
18-59,44,-0.254,-0.116,22HD,33
18-59,D,-0.120,0.000,16,33
18-59,15,-0.040,-0.353,22HD,33
18-59,30,0.079,0.268,22HD,33
18-59,45,-0.276,-0.040,22HD,33
18-62,1,0.040,0.353,22HD,38
18-62,22,-0.353,0.040,22HD,38
18-62,43,-0.211,-0.183,22HD,38
18-62,2,0.117,0.335,22HD,38
18-62,23,-0.335,0.117,22HD,38
18-62,44,-0.254,-0.116,22HD,38
18-62,3,0.189,0.301,22HD,38
18-62,24,-0.301,0.189,22HD,38
18-62,45,-0.276,-0.040,22HD,38
18-62,4,0.251,0.251,22HD,38
18-62,25,-0.251,0.251,22HD,38
18-62,46,-0.276,0.040,22HD,38
18-62,5,0.301,0.189,22HD,38
18-62,26,-0.189,0.301,22HD,38
18-62,47,-0.254,0.116,22HD,38
18-62,6,0.335,0.117,22HD,38
18-62,27,-0.117,0.335,22HD,38
18-62,48,-0.211,0.183,22HD,38
18-62,7,0.353,0.040,22HD,38
18-62,28,-0.040,0.353,22HD,38
18-62,49,-0.151,0.235,22HD,38
18-62,8,0.353,-0.040,22HD,38
18-62,29,0.000,0.279,22HD,38
18-62,50,-0.079,0.268,22HD,38
18-62,9,0.335,-0.117,22HD,38
18-62,30,0.079,0.268,22HD,38
18-62,51,0.040,0.199,22HD,38
18-62,10,0.301,-0.189,22HD,38
18-62,31,0.151,0.235,22HD,38
18-62,52,0.113,0.169,22HD,38
18-62,11,0.251,-0.251,22HD,38
18-62,32,0.211,0.183,22HD,38
18-62,53,0.113,-0.169,22HD,38
18-62,12,0.189,-0.301,22HD,38
18-62,33,0.254,0.116,22HD,38
18-62,54,0.040,-0.199,22HD,38
18-62,13,0.117,-0.335,22HD,38
18-62,34,0.276,0.040,22HD,38
18-62,55,-0.040,-0.199,22HD,38
18-62,14,0.040,-0.353,22HD,38
18-62,35,0.276,-0.040,22HD,38
18-62,56,-0.113,-0.169,22HD,38
18-62,15,-0.040,-0.353,22HD,38
18-62,36,0.254,-0.116,22HD,38
18-62,57,-0.113,0.169,22HD,38
18-62,16,-0.117,-0.335,22HD,38
18-62,37,0.211,-0.183,22HD,38
18-62,58,-0.040,0.199,22HD,38
18-62,17,-0.189,-0.301,22HD,38
18-62,38,0.151,-0.235,22HD,38
18-62,59,0.000,0.127,22HD,38
18-62,18,-0.251,-0.251,22HD,38
18-62,39,0.079,-0.268,22HD,38
18-62,60,0.000,-0.127,22HD,38
18-62,19,-0.301,-0.189,22HD,38
18-62,40,0.000,-0.279,22HD,38
18-62,A,0.110,0.000,12,38
18-62,20,-0.335,-0.117,22HD,38
18-62,41,-0.079,-0.268,22HD,38
18-62,B,-0.110,0.000,12,38
18-62,21,-0.353,-0.040,22HD,38
18-62,42,-0.151,-0.235,22HD,38
20-11,1,0.114,0.314,12,23
20-11,2,0.290,0.167,12,23
20-11,3,0.329,-0.058,12,23
20-11,4,0.215,-0.256,12,23
20-11,5,0.000,-0.335,12,23
20-11,6,-0.215,-0.256,12,23
20-11,7,-0.329,-0.058,12,23
20-11,8,-0.290,0.167,12,23
20-11,9,-0.114,0.314,12,23
20-11,10,0.110,0.000,12,23
20-11,11,-0.110,0.000,12,23
20-22,1,0.084,0.368,16,18
20-22,12,-0.340,0.164,16,18
20-22,2,0.235,0.295,16,18
20-22,13,-0.235,0.295,16,18
20-22,3,0.340,0.164,16,18
20-22,14,-0.084,0.368,16,18
20-22,4,0.378,0.000,16,18
20-22,15,0.000,0.210,16,18
20-22,5,0.340,-0.164,16,18
20-22,16,0.164,0.131,16,18
20-22,6,0.235,-0.295,16,18
20-22,17,0.204,-0.047,16,18
20-22,7,0.084,-0.368,16,18
20-22,18,0.091,-0.189,16,18
20-22,8,-0.084,-0.368,16,18
20-22,19,-0.091,-0.189,16,18
20-22,9,-0.235,-0.295,16,18
20-22,20,-0.204,-0.047,16,18
20-22,10,-0.340,-0.164,16,18
20-22,21,-0.164,0.131,16,18
20-22,11,-0.378,0.000,16,18
20-22,22,0.000,0.000,16,18
20-28,1,-0.113,0.397,22HD,42
20-28,16,-0.397,0.113,22HD,42
20-28,2,-0.038,0.411,22HD,42
20-28,17,0.000,0.337,22HD,42
20-28,3,0.038,0.411,22HD,42
20-28,18,0.337,0.000,22HD,42
20-28,4,0.113,0.397,22HD,42
20-28,19,0.000,-0.337,22HD,42
20-28,5,0.397,0.113,22HD,42
20-28,20,-0.337,0.000,22HD,42
20-28,6,0.411,0.038,22HD,42
20-28,21,0.000,0.056,22HD,42
20-28,7,0.411,-0.038,22HD,42
20-28,22,0.056,0.000,22HD,42
20-28,8,0.397,-0.113,22HD,42
20-28,23,0.000,-0.056,22HD,42
20-28,9,0.113,-0.397,22HD,42
20-28,24,-0.056,0.000,22HD,42
20-28,10,0.038,-0.411,22HD,42
20-28,A,-0.180,0.180,8,42
20-28,11,-0.038,-0.411,22HD,42
20-28,B,0.180,0.180,8,42
20-28,12,-0.113,-0.397,22HD,42
20-28,C,-0.180,-0.180,8,42
20-28,13,-0.397,-0.113,22HD,42
20-28,D,0.180,-0.180,8,42
20-28,14,-0.411,-0.038,22HD,42
20-28,15,-0.411,0.038,22HD,42
20-55,1,0.055,0.400,20HD,12
20-55,20,-0.330,0.233,20HD,12
20-55,39,-0.157,0.254,20HD,12
20-55,2,0.161,0.370,20HD,12
20-55,21,-0.255,0.313,20HD,12
20-55,40,-0.055,0.293,20HD,12
20-55,3,0.255,0.313,20HD,12
20-55,22,-0.161,0.370,20HD,12
20-55,41,0.055,0.186,20HD,12
20-55,4,0.330,0.233,20HD,12
20-55,23,-0.055,0.400,20HD,12
20-55,42,0.146,0.127,20HD,12
20-55,5,0.380,0.135,20HD,12
20-55,24,0.055,0.293,20HD,12
20-55,43,0.192,0.028,20HD,12
20-55,6,0.403,0.028,20HD,12
20-55,25,0.157,0.254,20HD,12
20-55,44,0.176,-0.080,20HD,12
20-55,7,0.395,-0.082,20HD,12
20-55,26,0.238,0.180,20HD,12
20-55,45,0.105,-0.163,20HD,12
20-55,8,0.358,-0.186,20HD,12
20-55,27,0.287,0.082,20HD,12
20-55,46,0.000,-0.194,20HD,12
20-55,9,0.295,-0.275,20HD,12
20-55,28,0.297,-0.028,20HD,12
20-55,47,-0.105,-0.163,20HD,12
20-55,10,0.210,-0.345,20HD,12
20-55,29,0.267,-0.133,20HD,12
20-55,48,-0.176,-0.080,20HD,12
20-55,11,0.109,-0.389,20HD,12
20-55,30,0.201,-0.221,20HD,12
20-55,49,-0.192,0.028,20HD,12
20-55,12,0.000,-0.404,20HD,12
20-55,31,0.108,-0.278,20HD,12
20-55,50,-0.146,0.127,20HD,12
20-55,13,-0.109,-0.389,20HD,12
20-55,32,0.000,-0.299,20HD,12
20-55,51,-0.055,0.186,20HD,12
20-55,14,-0.210,-0.345,20HD,12
20-55,33,-0.108,-0.278,20HD,12
20-55,52,0.000,0.088,20HD,12
20-55,15,-0.295,-0.275,20HD,12
20-55,34,-0.201,-0.221,20HD,12
20-55,53,0.088,0.000,20HD,12
20-55,16,-0.358,-0.186,20HD,12
20-55,35,-0.267,-0.133,20HD,12
20-55,54,0.000,-0.088,20HD,12
20-55,17,-0.395,-0.082,20HD,12
20-55,36,-0.297,-0.028,20HD,12
20-55,55,-0.088,0.000,20HD,12
20-55,18,-0.403,0.028,20HD,12
20-55,37,-0.287,0.082,20HD,12
20-55,19,-0.380,0.135,20HD,12
20-55,38,-0.238,0.180,20HD,12
22-13,1,0.112,0.345,12,24
22-13,2,0.294,0.213,12,24
22-13,3,0.363,0.000,12,24
22-13,4,0.294,-0.213,12,24
22-13,5,0.112,-0.345,12,24
22-13,6,-0.112,-0.345,12,24
22-13,7,-0.294,-0.213,12,24
22-13,8,-0.363,0.000,12,24
22-13,9,-0.294,0.213,12,24
22-13,10,-0.112,0.345,12,24
22-13,11,0.000,0.143,12,24
22-13,12,0.124,-0.072,12,24
22-13,13,-0.124,-0.072,12,24
22-24,1,0.084,0.397,16,19
22-24,13,-0.352,0.203,16,19
22-24,2,0.239,0.329,16,19
22-24,14,-0.239,0.329,16,19
22-24,3,0.352,0.203,16,19
22-24,15,-0.084,0.397,16,19
22-24,4,0.404,0.042,16,19
22-24,16,0.000,0.238,16,19
22-24,5,0.386,-0.126,16,19
22-24,17,0.168,0.168,16,19
22-24,6,0.302,-0.272,16,19
22-24,18,0.238,0.000,16,19
22-24,7,0.165,-0.371,16,19
22-24,19,0.168,-0.168,16,19
22-24,8,0.000,-0.406,16,19
22-24,20,0.000,-0.238,16,19
22-24,9,-0.165,-0.371,16,19
22-24,21,-0.168,-0.168,16,19
22-24,10,-0.302,-0.272,16,19
22-24,22,-0.238,0.000,16,19
22-24,11,-0.386,-0.126,16,19
22-24,23,-0.168,0.168,16,19
22-24,12,-0.404,0.042,16,19
22-24,24,0.000,0.000,16,19
22-69,1,0.055,0.451,20HD,13
22-69,19,-0.441,-0.109,20HD,13
22-69,37,-0.055,-0.345,20HD,13
22-69,55,-0.152,-0.191,20HD,13
22-69,2,0.161,0.425,20HD,13
22-69,20,-0.454,0.000,20HD,13
22-69,38,-0.158,-0.311,20HD,13
22-69,56,-0.220,-0.106,20HD,13
22-69,3,0.258,0.374,20HD,13
22-69,21,-0.441,0.109,20HD,13
22-69,39,-0.247,-0.247,20HD,13
22-69,57,-0.244,0.000,20HD,13
22-69,4,0.340,0.301,20HD,13
22-69,22,-0.402,0.211,20HD,13
22-69,40,-0.311,-0.158,20HD,13
22-69,58,-0.220,0.106,20HD,13
22-69,5,0.402,0.211,20HD,13
22-69,23,-0.340,0.301,20HD,13
22-69,41,-0.345,-0.055,20HD,13
22-69,59,-0.152,0.191,20HD,13
22-69,6,0.441,0.109,20HD,13
22-69,24,-0.258,0.374,20HD,13
22-69,42,-0.345,0.055,20HD,13
22-69,60,-0.054,0.238,20HD,13
22-69,7,0.454,0.000,20HD,13
22-69,25,-0.161,0.425,20HD,13
22-69,43,-0.311,0.158,20HD,13
22-69,61,0.053,0.128,20HD,13
22-69,8,0.441,-0.109,20HD,13
22-69,26,-0.055,0.451,20HD,13
22-69,44,-0.247,0.247,20HD,13
22-69,62,0.128,0.053,20HD,13
22-69,9,0.402,-0.211,20HD,13
22-69,27,0.055,0.345,20HD,13
22-69,45,-0.158,0.311,20HD,13
22-69,63,0.128,-0.053,20HD,13
22-69,10,0.340,-0.301,20HD,13
22-69,28,0.158,0.311,20HD,13
22-69,46,-0.055,0.345,20HD,13
22-69,64,0.053,-0.128,20HD,13
22-69,11,0.258,-0.374,20HD,13
22-69,29,0.247,0.247,20HD,13
22-69,47,0.054,0.238,20HD,13
22-69,65,-0.053,-0.128,20HD,13
22-69,12,0.161,-0.425,20HD,13
22-69,30,0.311,0.158,20HD,13
22-69,48,0.152,0.191,20HD,13
22-69,66,-0.128,-0.053,20HD,13
22-69,13,0.055,-0.451,20HD,13
22-69,31,0.345,0.055,20HD,13
22-69,49,0.220,0.106,20HD,13
22-69,67,-0.128,0.053,20HD,13
22-69,14,-0.055,-0.451,20HD,13
22-69,32,0.345,-0.055,20HD,13
22-69,50,0.244,0.000,20HD,13
22-69,68,-0.053,0.128,20HD,13
22-69,15,-0.161,-0.425,20HD,13
22-69,33,0.311,-0.158,20HD,13
22-69,51,0.220,-0.106,20HD,13
22-69,69,0.000,0.000,20HD,13
22-69,16,-0.258,-0.374,20HD,13
22-69,34,0.247,-0.247,20HD,13
22-69,52,0.152,-0.191,20HD,13
22-69,17,-0.340,-0.301,20HD,13
22-69,35,0.158,-0.311,20HD,13
22-69,53,0.054,-0.238,20HD,13
22-69,18,-0.402,-0.211,20HD,13
22-69,36,0.055,-0.345,20HD,13
22-69,54,-0.054,-0.238,20HD,13
24-19,1,0.118,0.440,12,25
24-19,11,-0.322,0.322,12,25
24-19,2,0.322,0.322,12,25
24-19,12,-0.118,0.440,12,25
24-19,3,0.440,0.118,12,25
24-19,13,0.000,0.235,12,25
24-19,4,0.440,-0.118,12,25
24-19,14,0.204,0.118,12,25
24-19,5,0.322,-0.322,12,25
24-19,15,0.204,-0.118,12,25
24-19,6,0.118,-0.440,12,25
24-19,16,0.000,-0.235,12,25
24-19,7,-0.118,-0.440,12,25
24-19,17,-0.204,-0.118,12,25
24-19,8,-0.322,-0.322,12,25
24-19,18,-0.204,0.118,12,25
24-19,9,-0.440,-0.118,12,25
24-19,19,0.000,0.000,12,25
24-19,10,-0.440,0.118,12,25
24-35,1,0.087,0.490,16,20
24-35,13,-0.170,-0.468,16,20
24-35,25,-0.085,-0.319,16,20
24-35,2,0.249,0.431,16,20
24-35,14,-0.498,0.000,16,20
24-35,26,-0.233,-0.233,16,20
24-35,3,0.382,0.320,16,20
24-35,15,-0.468,0.170,16,20
24-35,27,-0.319,-0.085,16,20
24-35,4,0.468,0.170,16,20
24-35,16,-0.382,0.320,16,20
24-35,28,-0.319,0.085,16,20
24-35,5,0.498,0.000,16,20
24-35,17,-0.249,0.431,16,20
24-35,29,-0.233,0.233,16,20
24-35,6,0.468,-0.170,16,20
24-35,18,-0.087,0.490,16,20
24-35,30,-0.085,0.319,16,20
24-35,7,0.382,-0.320,16,20
24-35,19,0.085,0.319,16,20
24-35,31,0.000,0.162,16,20
24-35,8,0.249,-0.431,16,20
24-35,20,0.233,0.233,16,20
24-35,32,0.154,0.050,16,20
24-35,9,0.087,-0.490,16,20
24-35,21,0.319,0.085,16,20
24-35,33,0.095,-0.131,16,20
24-35,10,-0.087,-0.490,16,20
24-35,22,0.319,-0.085,16,20
24-35,34,-0.095,-0.131,16,20
24-35,11,-0.249,-0.431,16,20
24-35,23,0.233,-0.233,16,20
24-35,35,-0.154,0.050,16,20
24-35,12,-0.382,-0.320,16,20
24-35,24,0.085,-0.319,16,20
24-92,19,-0.301,-0.432,20HD,14
24-92,65,-0.055,-0.311,20HD,14
24-92,17,-0.106,-0.515,20HD,14
24-92,63,0.158,-0.274,20HD,14
24-92,14,0.207,-0.483,20HD,14
24-92,60,0.316,0.000,20HD,14
24-92,10,0.493,-0.183,20HD,14
24-92,56,0.055,0.311,20HD,14
24-92,7,0.509,0.132,20HD,14
24-92,53,-0.256,0.334,20HD,14
24-92,8,0.525,0.027,20HD,14
24-92,54,-0.161,0.389,20HD,14
24-92,28,-0.343,0.399,20HD,14
24-92,74,0.055,0.204,20HD,14
24-92,1,0.053,0.523,20HD,14
24-92,47,-0.334,-0.256,20HD,14
24-92,2,0.158,0.502,20HD,14
24-92,48,-0.389,-0.161,20HD,14
24-92,3,0.255,0.460,20HD,14
24-92,49,-0.417,-0.055,20HD,14
24-92,4,0.343,0.399,20HD,14
24-92,50,-0.417,0.055,20HD,14
24-92,5,0.416,0.322,20HD,14
24-92,51,-0.389,0.161,20HD,14
24-92,6,0.472,0.232,20HD,14
24-92,52,-0.334,0.256,20HD,14
24-92,9,0.520,-0.080,20HD,14
24-92,55,-0.055,0.417,20HD,14
24-92,11,0.446,-0.278,20HD,14
24-92,57,0.158,0.274,20HD,14
24-92,12,0.381,-0.362,20HD,14
24-92,58,0.242,0.203,20HD,14
24-92,13,0.301,-0.432,20HD,14
24-92,59,0.297,0.108,20HD,14
24-92,15,0.106,-0.515,20HD,14
24-92,61,0.297,-0.108,20HD,14
24-92,16,0.000,-0.526,20HD,14
24-92,62,0.242,-0.203,20HD,14
24-92,18,-0.207,-0.483,20HD,14
24-92,64,0.055,-0.311,20HD,14
24-92,20,-0.381,-0.362,20HD,14
24-92,66,-0.158,-0.274,20HD,14
24-92,21,-0.446,-0.278,20HD,14
24-92,67,-0.242,-0.203,20HD,14
24-92,22,-0.493,-0.183,20HD,14
24-92,68,-0.297,-0.108,20HD,14
24-92,23,-0.520,-0.080,20HD,14
24-92,69,-0.316,0.000,20HD,14
24-92,24,-0.525,0.027,20HD,14
24-92,70,-0.297,0.108,20HD,14
24-92,25,-0.509,0.132,20HD,14
24-92,71,-0.242,0.203,20HD,14
24-92,26,-0.472,0.232,20HD,14
24-92,72,-0.158,0.274,20HD,14
24-92,27,-0.416,0.322,20HD,14
24-92,73,-0.055,0.311,20HD,14
24-92,29,-0.255,0.460,20HD,14
24-92,75,0.149,0.149,20HD,14
24-92,30,-0.158,0.502,20HD,14
24-92,76,0.204,0.055,20HD,14
24-92,31,-0.053,0.523,20HD,14
24-92,77,0.204,-0.055,20HD,14
24-92,32,0.055,0.417,20HD,14
24-92,78,0.149,-0.149,20HD,14
24-92,33,0.161,0.389,20HD,14
24-92,79,0.055,-0.204,20HD,14
24-92,34,0.256,0.334,20HD,14
24-92,80,-0.055,-0.204,20HD,14
24-92,35,0.334,0.256,20HD,14
24-92,81,-0.149,-0.149,20HD,14
24-92,36,0.389,0.161,20HD,14
24-92,82,-0.204,-0.055,20HD,14
24-92,37,0.417,0.055,20HD,14
24-92,83,-0.204,0.055,20HD,14
24-92,38,0.417,-0.055,20HD,14
24-92,84,-0.149,0.149,20HD,14
24-92,39,0.389,-0.161,20HD,14
24-92,85,-0.055,0.204,20HD,14
24-92,40,0.334,-0.256,20HD,14
24-92,86,0.053,0.092,20HD,14
24-92,41,0.256,-0.334,20HD,14
24-92,87,0.106,0.000,20HD,14
24-92,42,0.161,-0.389,20HD,14
24-92,88,0.053,-0.092,20HD,14
24-92,43,0.055,-0.417,20HD,14
24-92,89,-0.053,-0.092,20HD,14
24-92,44,-0.055,-0.417,20HD,14
24-92,90,-0.106,0.000,20HD,14
24-92,45,-0.161,-0.389,20HD,14
24-92,91,-0.053,0.092,20HD,14
24-92,46,-0.256,-0.334,20HD,14
24-92,92,0.000,0.000,20HD,14
